matrix_name,num_threads,csr_m,csr_n,csr_nnz,time,gflops,csr_mem_footprint,W_avg,J_estimated,format_name,m,n,nnz,mem_footprint,mem_ratio,spmv_mae,spmv_max_ae,spmv_mse,spmv_mape,spmv_smape,spmv_lnQ_error,spmv_mlare,spmv_gmare
/home/users/dgal/Data/graphs/tamu/matrices/cop20k_A/cop20k_A.mtx,16,121192,121192,2624331,1.000209,20.276599,30.495399,0.000000,0.000000,Custom_CSR_B,121192,121192,2624331,30.495399,1.000000,2.02556e-15,1.42109e-13,4.14729e-29,6.88025e-14,3.44013e-14,1.84996e-17,-16.3705,4.26091e-17
/home/users/dgal/Data/graphs/tamu/matrices/ASIC_680k/ASIC_680k.mtx,16,682862,682862,3871773,1.000482,10.201075,46.913841,0.000000,0.000000,Custom_CSR_B,682862,682862,3871773,46.913841,1.000000,1.33551e-14,9.11768e-09,1.21741e-22,4.37155e-15,2.18577e-15,1.20835e-17,-16.555,2.7864e-17
/home/users/dgal/Data/graphs/tamu/matrices/radiation/radiation.mtx,16,223104,223104,7637688,1.000729,12.730386,88.257481,0.000000,0.000000,Custom_CSR_B,223104,223104,7637688,88.257481,1.000000,1.08146e-05,0.1,3.92147e-07,7.20248e-09,3.60124e-09,-1.04484e-11,-10.6187,2.40582e-11
/home/users/dgal/Data/graphs/tamu/matrices/PR02R/PR02R.mtx,16,161070,161070,8185136,1.000348,13.108025,94.285885,0.000000,0.000000,Custom_CSR_B,161070,161070,8185136,94.285885,1.000000,8.13595e-09,3.05176e-05,5.35253e-14,7.31927e-09,3.65965e-09,-2.47854e-11,-10.2436,5.70706e-11
/home/users/dgal/Data/graphs/tamu/matrices/crankseg_2/crankseg_2.mtx,16,63838,63838,14148858,1.000675,12.583987,162.164356,0.000000,0.000000,Custom_CSR_B,63838,63838,14148858,162.164356,1.000000,6.28797e-09,3.8147e-05,2.29616e-14,8.18348e-13,4.09174e-13,8.23754e-17,-15.7221,1.89627e-16
/home/users/dgal/Data/graphs/tamu/matrices/rajat31/rajat31.mtx,16,4690002,4690002,20316253,1.003086,7.129323,250.392006,0.000000,0.000000,Custom_CSR_B,4690002,4690002,20316253,250.392006,1.000000,3.20284e-16,1.5838e-15,2.92888e-31,6.32934e-12,3.16467e-12,-2.74793e-14,-13.1988,6.32734e-14
/home/users/dgal/Data/graphs/tamu/matrices/human_gene1/human_gene1.mtx,16,22283,22283,24669643,1.000867,12.422731,282.406666,0.000000,0.000000,Custom_CSR_B,22283,22283,24669643,282.406666,1.000000,5.33946e-14,2.16005e-12,2.04337e-26,6.08502e-14,3.04251e-14,1.85656e-18,-17.3738,4.22839e-18
/home/users/dgal/Data/graphs/tamu/matrices/dgreen/dgreen.mtx,16,1200611,1200611,38259877,1.001427,9.933390,442.429516,0.000000,0.000000,Custom_CSR_B,1200611,1200611,38259877,442.429516,1.000000,0.000209317,15.9999,0.000322926,8.35034e-05,8.3066e-05,-2.14357e-06,-5.30665,4.93575e-06
